-- phpMyAdmin SQL Dump
-- version 5.2.1
-- https://www.phpmyadmin.net/
--
-- Host: 127.0.0.1
-- Generation Time: Aug 30, 2024 at 03:22 PM
-- Server version: 10.4.32-MariaDB
-- PHP Version: 8.2.12

SET SQL_MODE = "NO_AUTO_VALUE_ON_ZERO";
START TRANSACTION;
SET time_zone = "+00:00";


/*!40101 SET @OLD_CHARACTER_SET_CLIENT=@@CHARACTER_SET_CLIENT */;
/*!40101 SET @OLD_CHARACTER_SET_RESULTS=@@CHARACTER_SET_RESULTS */;
/*!40101 SET @OLD_COLLATION_CONNECTION=@@COLLATION_CONNECTION */;
/*!40101 SET NAMES utf8mb4 */;

--
-- Database: `cardgames`
--

-- --------------------------------------------------------

--
-- Table structure for table `adminlog`
--

CREATE TABLE `adminlog` (
  `ID` varchar(50) NOT NULL,
  `Action` varchar(20) NOT NULL,
  `time` timestamp NOT NULL DEFAULT current_timestamp() ON UPDATE current_timestamp(),
  `N` int(50) NOT NULL
) ENGINE=InnoDB DEFAULT CHARSET=utf8mb4 COLLATE=utf8mb4_general_ci;

--
-- Dumping data for table `adminlog`
--

INSERT INTO `adminlog` (`ID`, `Action`, `time`, `N`) VALUES
('U4bd3cf5bc00ad2e4401a84da2e7e30a9', 'แก้ไขcredit', '2024-08-24 05:46:51', 3),
('U53545d949f8b006c6841be23f55764e0', 'แก้ไขcredit', '2024-08-24 05:48:36', 4),
('U53545d949f8b006c6841be23f55764e0', 'แก้ไขcredit:19.00999', '2024-08-24 05:54:20', 5),
('U53545d949f8b006c6841be23f55764e0', 'แก้ไขcredit:-920', '2024-08-24 05:54:38', 6),
('Ue4234ef62c1283d8e1459a8273669d47', 'แก้ไขcredit:1', '2024-08-24 05:57:00', 7),
('Ue4234ef62c1283d8e1459a8273669d47', 'แก้ไขcredit:209', '2024-08-24 16:46:15', 8),
('Ue4234ef62c1283d8e1459a8273669d47', 'แก้ไขcredit:13096730', '2024-08-26 15:55:01', 9),
('Ue4234ef62c1283d8e1459a8273669d47', 'แก้ไขcredit:-1309673', '2024-08-26 15:58:47', 10),
('U53545d949f8b006c6841be23f55764e0', 'แก้ไขcredit:900001', '2024-08-27 12:14:28', 11),
('', 'แก้ไขcredit:-1009332', '2024-08-27 12:38:41', 12),
('Ue4234ef62c1283d8e1459a8273669d47', 'แก้ไขcredit:10000', '2024-08-27 14:01:44', 13),
('U53545d949f8b006c6841be23f55764e0', 'แก้ไขcredit:10000', '2024-08-27 14:03:59', 14),
('admin2', 'แก้ไขcredit:5000', '2024-08-27 14:04:05', 15),
('Ue4234ef62c1283d8e1459a8273669d47', 'แก้ไขcredit:990000', '2024-08-27 14:36:10', 16),
('Ue4234ef62c1283d8e1459a8273669d47', 'แก้ไขcredit:0', '2024-08-27 14:37:09', 17),
('Ue4234ef62c1283d8e1459a8273669d47', 'แก้ไขcredit:-900000', '2024-08-27 14:37:16', 18),
('admin', 'แก้ไขcredit:1000000', '2024-08-27 14:37:23', 19),
('admin2', 'แก้ไขcredit:-5000', '2024-08-27 14:37:30', 20),
('U4bd3cf5bc00ad2e4401a84da2e7e30a9', 'แก้ไขcredit:100000', '2024-08-27 14:38:01', 21),
('U8aa0f0c0848fbbb2a3d1cd77adc4412c', 'แก้ไขcredit:100000', '2024-08-27 14:38:35', 22),
('U8aa0f0c0848fbbb2a3d1cd77adc4412c', 'แก้ไขcredit:0', '2024-08-27 14:38:45', 23),
('Ue4234ef62c1283d8e1459a8273669d47', 'แก้ไขcredit:0', '2024-08-27 14:38:59', 24),
('Ue4234ef62c1283d8e1459a8273669d47', 'แก้ไขcredit:0', '2024-08-28 04:51:43', 25);

-- --------------------------------------------------------

--
-- Table structure for table `playinglog`
--

CREATE TABLE `playinglog` (
  `ID` varchar(50) NOT NULL,
  `Name` varchar(50) NOT NULL,
  `Game_play` varchar(50) NOT NULL,
  `round` int(10) NOT NULL,
  `Status` varchar(10) NOT NULL,
  `b1` int(11) NOT NULL,
  `b2` int(11) NOT NULL,
  `b3` int(11) NOT NULL,
  `b4` int(11) NOT NULL,
  `b5` int(11) NOT NULL,
  `b6` int(11) NOT NULL,
  `b7` int(20) NOT NULL,
  `b8` int(11) NOT NULL,
  `j1` int(12) NOT NULL,
  `j2` int(12) NOT NULL,
  `j3` int(12) NOT NULL,
  `j4` int(11) NOT NULL,
  `j5` int(11) NOT NULL,
  `j6` int(11) NOT NULL,
  `j7` int(11) NOT NULL,
  `j8` int(11) NOT NULL,
  `advanced_pay` int(11) NOT NULL,
  `balance` int(11) NOT NULL,
  `SUM` varchar(50) NOT NULL,
  `Time` timestamp NOT NULL DEFAULT current_timestamp() ON UPDATE current_timestamp()
) ENGINE=InnoDB DEFAULT CHARSET=utf8mb4 COLLATE=utf8mb4_general_ci;

--
-- Dumping data for table `playinglog`
--

INSERT INTO `playinglog` (`ID`, `Name`, `Game_play`, `round`, `Status`, `b1`, `b2`, `b3`, `b4`, `b5`, `b6`, `b7`, `b8`, `j1`, `j2`, `j3`, `j4`, `j5`, `j6`, `j7`, `j8`, `advanced_pay`, `balance`, `SUM`, `Time`) VALUES
('Ue4234ef62c1283d8e1459a8273669d47', 'Name', 'END', 2, '0', 0, 0, 0, 500, 0, 0, 0, 0, 0, 0, 0, 0, 0, 0, 0, 0, 2500, 0, '', '2024-08-22 08:31:05'),
('Ue4234ef62c1283d8e1459a8273669d47', 'Name', 'END', 3, '0', 0, 0, 0, 100, 0, 200, 0, 0, 0, 0, 0, 0, 0, 0, 0, 0, 1500, 0, '', '2024-08-22 09:05:26'),
('Ue4234ef62c1283d8e1459a8273669d47', 'Name', 'END', 4, '0', 0, 0, 0, 500, 0, 0, 0, 0, 0, 0, 0, 0, 0, 0, 0, 0, 2500, 0, '', '2024-08-22 09:32:05'),
('Ue4234ef62c1283d8e1459a8273669d47', 'Name', 'END', 5, '0', 0, 0, 0, 500, 0, 0, 0, 0, 0, 0, 0, 0, 0, 0, 0, 0, 2500, 0, '', '2024-08-22 09:36:01'),
('Ue4234ef62c1283d8e1459a8273669d47', 'Name', 'END', 6, '0', 0, 0, 0, 500, 0, 0, 0, 0, 0, 0, 0, 0, 0, 0, 0, 0, 2500, 0, '', '2024-08-22 09:36:54'),
('Ue4234ef62c1283d8e1459a8273669d47', 'Name', 'END', 7, '0', 0, 0, 0, 500, 0, 0, 0, 0, 0, 0, 0, 0, 0, 0, 0, 0, 2500, 0, '', '2024-08-22 09:37:22'),
('Ue4234ef62c1283d8e1459a8273669d47', 'Name', 'END', 8, '0', 0, 0, 0, 500, 0, 0, 0, 0, 0, 0, 0, 0, 0, 0, 0, 0, 2500, 0, '', '2024-08-22 09:37:54'),
('Ue4234ef62c1283d8e1459a8273669d47', 'Name', '', 9, '1', 0, 0, 0, 410, 0, 0, 0, 0, 0, 0, 0, 0, 0, 0, 0, 0, 2050, 0, '', '2024-08-22 10:59:36'),
('Ue4234ef62c1283d8e1459a8273669d47', 'Name', '', 11, '1', 0, 0, 0, 500, 500, 0, 0, 0, 0, 0, 0, 0, 0, 0, 0, 0, 5000, 0, '', '2024-08-22 11:07:03'),
('Ue4234ef62c1283d8e1459a8273669d47', 'Name', 'END', 12, '0', 0, 0, 0, 750, 600, 0, 0, 0, 0, 0, 0, 0, 0, 0, 0, 0, 6750, 0, '', '2024-08-22 11:23:24'),
('Ue4234ef62c1283d8e1459a8273669d47', 'Name', 'END', 47, '0', 0, 0, 0, 100, 0, 0, 0, 0, 0, 0, 0, 0, 0, 0, 0, 0, 500, 0, '', '2024-08-22 11:47:04'),
('Ue4234ef62c1283d8e1459a8273669d47', 'Name', 'END', 48, '0', 500, 0, 0, 100, 50, 50, 0, 0, 0, 0, 0, 0, 0, 0, 0, 0, 1500, 0, '', '2024-08-22 11:47:59'),
('Ue4234ef62c1283d8e1459a8273669d47', 'Name', 'END', 49, '0', 0, 0, 0, 100, 0, 0, 0, 0, 0, 0, 0, 0, 0, 0, 0, 0, 500, 0, '', '2024-08-22 11:49:15'),
('Ue4234ef62c1283d8e1459a8273669d47', 'Name', 'END', 51, '0', 0, 0, 0, 100, 300, 0, 0, 0, 0, 0, 0, 0, 0, 0, 0, 0, 2000, 0, '', '2024-08-22 11:50:16'),
('Ue4234ef62c1283d8e1459a8273669d47', 'Name', 'END', 53, '0', 0, 0, 0, 50, 5, 0, 0, 0, 0, 0, 0, 0, 0, 0, 0, 0, 275, 0, '', '2024-08-22 11:52:15'),
('Ue4234ef62c1283d8e1459a8273669d47', 'Name', 'END', 55, '0', 0, 0, 0, 105, 6, 0, 0, 0, 0, 0, 0, 0, 0, 0, 0, 0, 555, 0, '', '2024-08-22 11:55:04'),
('Ue4234ef62c1283d8e1459a8273669d47', 'Name', 'END', 57, '0', 500, 0, 0, 0, 0, 0, 0, 0, 0, 0, 0, 0, 0, 0, 0, 0, 500, 0, '', '2024-08-22 11:57:21'),
('Ue4234ef62c1283d8e1459a8273669d47', 'Name', 'END', 58, '0', 0, 0, 0, 50, 0, 0, 0, 0, 0, 0, 0, 0, 0, 0, 0, 0, 250, 0, '', '2024-08-22 11:59:22'),
('Ue4234ef62c1283d8e1459a8273669d47', 'Name', 'END', 60, '0', 50, 50, 50, 150, 50, 0, 0, 0, 0, 0, 0, 0, 0, 0, 0, 0, 1150, 0, '', '2024-08-22 12:03:25'),
('Ue4234ef62c1283d8e1459a8273669d47', 'Name', 'END', 61, '0', 50, 0, 0, 0, 60, 0, 0, 0, 0, 0, 0, 0, 0, 0, 0, 0, 350, 0, '', '2024-08-22 12:38:19'),
('Ue4234ef62c1283d8e1459a8273669d47', 'Name', 'END', 62, '0', 400, 0, 0, 0, 50, 0, 0, 0, 0, 0, 0, 0, 0, 0, 0, 0, 650, 0, '', '2024-08-22 12:39:32'),
('Ue4234ef62c1283d8e1459a8273669d47', 'Name', 'END', 63, '0', 500, 0, 0, 0, 66, 0, 0, 0, 0, 0, 0, 0, 0, 0, 0, 0, 830, 0, '', '2024-08-22 13:43:35'),
('Ue4234ef62c1283d8e1459a8273669d47', 'Name', 'END', 64, '0', 0, 0, 0, 0, 50, 0, 0, 0, 0, 0, 0, 0, 0, 0, 0, 0, 250, 0, '', '2024-08-22 14:15:36'),
('Ue4234ef62c1283d8e1459a8273669d47', 'Name', 'END', 65, '0', 0, 0, 0, 2, 0, 0, 0, 0, 0, 0, 0, 0, 0, 0, 0, 0, 10, 0, '', '2024-08-22 15:18:52'),
('Ue4234ef62c1283d8e1459a8273669d47', 'Name', 'END', 66, '0', 600, 0, 900, 700, 100, 0, 0, 0, 0, 0, 0, 0, 0, 0, 0, 0, 5500, 0, '', '2024-08-22 16:07:05'),
('Ue4234ef62c1283d8e1459a8273669d47', 'Name', 'END', 67, '0', 100, 0, 0, 0, 0, 0, 0, 0, 0, 0, 0, 0, 0, 0, 0, 0, 100, 0, '', '2024-08-22 16:20:23'),
('U4bd3cf5bc00ad2e4401a84da2e7e30a9', 'Name', 'END', 68, '0', 1000, 2000, 0, 0, 0, 0, 0, 0, 0, 0, 0, 0, 0, 0, 0, 0, 3000, 0, '', '2024-08-23 05:36:57'),
('U4bd3cf5bc00ad2e4401a84da2e7e30a9', 'Name', 'END', 69, '0', 0, 30000, 0, 0, 0, 0, 0, 0, 0, 0, 0, 0, 0, 0, 0, 0, 30000, 0, '', '2024-08-23 05:37:58'),
('Ue4234ef62c1283d8e1459a8273669d47', 'Name', 'END', 70, '0', 500, 0, 0, 0, 1000, 0, 0, 0, 0, 0, 0, 0, 0, 0, 0, 0, 5500, 0, '', '2024-08-23 05:41:33'),
('U4bd3cf5bc00ad2e4401a84da2e7e30a9', 'Name', 'END', 70, '0', 21000, 0, 0, 0, 0, 0, 0, 0, 0, 0, 0, 0, 0, 0, 0, 0, 21000, 0, '', '2024-08-23 05:41:33'),
('Ue4234ef62c1283d8e1459a8273669d47', 'Name', '', 1, '1', 0, 0, 0, 0, 0, 0, 0, 0, 500, 0, 0, 0, 0, 0, 0, 0, 0, 0, '', '2024-08-23 06:12:15'),
('Ue4234ef62c1283d8e1459a8273669d47', 'James JR', 'END', 71, '0', 0, 0, 0, 0, 0, 0, 0, 0, 0, 500, 0, 0, 600, 0, 0, 0, 3500, 0, '', '2024-08-23 07:40:20'),
('Ue4234ef62c1283d8e1459a8273669d47', 'JamesJR', '', 100, '1', 0, 0, 0, 0, 0, 0, 0, 0, 500, 500, 0, 0, 100, 0, 0, 0, 1500, 0, '', '2024-08-23 07:32:52'),
('Ue4234ef62c1283d8e1459a8273669d47', 'James JR', 'END', 72, '0', 100, 0, 0, 100, 0, 0, 0, 0, 600, 700, 700, 0, 100, 0, 0, 0, 3100, 0, '', '2024-08-24 07:25:33'),
('Ue4234ef62c1283d8e1459a8273669d47', 'James JR', 'END', 73, '0', 0, 0, 0, 0, 0, 0, 0, 0, 500, 0, 0, 0, 0, 0, 0, 0, 500, 0, '', '2024-08-24 07:28:36'),
('Ue4234ef62c1283d8e1459a8273669d47', 'James JR', 'END', 74, '0', 0, 1000, 0, 0, 0, 0, 0, 0, 0, 500, 0, 0, 100, 0, 0, 0, 2000, 0, '', '2024-08-24 07:29:38'),
('Ue4234ef62c1283d8e1459a8273669d47', 'James JR', 'END', 75, '0', 500, 0, 0, 0, 0, 0, 0, 0, 0, 0, 0, 0, 0, 0, 0, 0, 500, 0, '', '2024-08-24 16:48:29'),
('Ue4234ef62c1283d8e1459a8273669d47', 'James JR', 'END', 76, '0', 100, 100, 100, 300, 100, 700, 0, 100, 0, 0, 0, 0, 0, 0, 0, 0, 5100, 0, '', '2024-08-25 11:09:25'),
('Ue4234ef62c1283d8e1459a8273669d47', 'James JR', 'END', 77, '0', 0, 500, 0, 0, 0, 100, 0, 0, 400, 0, 0, 500, 0, 0, 0, 0, 1500, 0, '', '2024-08-25 11:22:06'),
('Ue4234ef62c1283d8e1459a8273669d47', 'James JR', 'END', 78, '0', 0, 0, 0, 0, 200, 0, 0, 0, 0, 0, 0, 0, 0, 0, 0, 0, 1000, 0, '', '2024-08-25 11:24:10'),
('Ue4234ef62c1283d8e1459a8273669d47', 'James JR', 'END', 79, '0', 600, 0, 0, 0, 100, 0, 0, 0, 500, 0, 0, 0, 0, 0, 0, 0, 1600, 0, '', '2024-08-25 11:27:09'),
('Ue4234ef62c1283d8e1459a8273669d47', 'James JR', 'END', 80, '0', 0, 0, 0, 0, 100, 0, 0, 0, 0, 0, 0, 0, 0, 0, 0, 0, 500, 0, '', '2024-08-25 11:43:26'),
('Ue4234ef62c1283d8e1459a8273669d47', 'James JR', 'END', 82, '0', 100, 0, 0, 0, 0, 0, 0, 0, 0, 0, 0, 0, 0, 0, 0, 0, 100, 0, '', '2024-08-26 16:06:08'),
('Ue4234ef62c1283d8e1459a8273669d47', 'James JR', 'END', 83, '0', 10100, 199, 149, 0, 0, 0, 0, 0, 999, 100, 0, 0, 0, 100, 0, 0, 12047, 0, '', '2024-08-27 10:32:54'),
('Ue4234ef62c1283d8e1459a8273669d47', 'James JR', 'END', 84, '0', 0, 1000, 10000, 0, 0, 0, 0, 0, 4999, 2000, 0, 1000, 0, 0, 3660, 0, 37299, 0, '', '2024-08-27 10:37:25'),
('Ue4234ef62c1283d8e1459a8273669d47', 'James JR', 'END', 85, '0', 0, 0, 0, 0, 10000, 0, 0, 0, 0, 0, 0, 0, 0, 0, 0, 0, 50000, 0, '', '2024-08-28 04:45:16'),
('Ue4234ef62c1283d8e1459a8273669d47', 'James JR', 'END', 86, '0', 8000, 0, 0, 0, 0, 0, 0, 0, 0, 0, 0, 0, 0, 0, 0, 0, 8000, 0, '', '2024-08-28 04:47:40'),
('Ue4234ef62c1283d8e1459a8273669d47', 'James JR', 'END', 87, '0', 10000, 0, 0, 0, 0, 0, 0, 0, 0, 0, 0, 0, 0, 0, 0, 0, 10000, 0, '', '2024-08-28 04:56:13'),
('U8aa0f0c0848fbbb2a3d1cd77adc4412c', 'NTPW', 'END', 88, '0', 0, 0, 0, 0, 500, 500, 500, 0, 0, 0, 0, 0, 0, 0, 0, 0, 7500, 0, '', '2024-08-28 06:26:39'),
('U8aa0f0c0848fbbb2a3d1cd77adc4412c', 'NTPW', 'END', 89, '0', 500, 300, 0, 200, 400, 0, 0, 300, 0, 0, 0, 0, 0, 0, 0, 0, 4500, 0, '', '2024-08-28 06:55:29'),
('U8aa0f0c0848fbbb2a3d1cd77adc4412c', 'NTPW', 'END', 90, '0', 0, 0, 600, 900, 1000, 0, 0, 0, 0, 0, 0, 0, 0, 0, 0, 0, 6500, 0, '', '2024-08-28 06:58:10'),
('Ue4234ef62c1283d8e1459a8273669d47', 'James JR', 'END', 91, '0', 500, 0, 0, 1000, 0, 5000, 0, 0, 0, 0, 0, 0, 0, 0, 0, 0, 26500, 0, '', '2024-08-28 15:31:27'),
('Ue4234ef62c1283d8e1459a8273669d47', 'James JR', 'END', 92, '0', 500, 0, 0, 1000, 0, 5000, 0, 0, 0, 0, 0, 0, 0, 0, 0, 0, 26500, 0, '', '2024-08-28 15:32:48'),
('Ue4234ef62c1283d8e1459a8273669d47', 'James JR', 'END', 93, '0', 0, 0, 600, 900, 1000, 0, 0, 0, 0, 0, 0, 0, 0, 0, 0, 0, 6500, 0, '', '2024-08-28 15:38:17'),
('U8aa0f0c0848fbbb2a3d1cd77adc4412c', 'NTPW', 'END', 94, '0', 500, 500, 500, 0, 0, 5000, 0, 0, 0, 0, 0, 0, 0, 0, 0, 0, 26500, 0, '', '2024-08-30 08:11:26');

-- --------------------------------------------------------

--
-- Table structure for table `user_data`
--

CREATE TABLE `user_data` (
  `Number` int(50) NOT NULL,
  `ID` varchar(50) NOT NULL,
  `Credit` double NOT NULL,
  `Name` varchar(50) NOT NULL,
  `Status` varchar(30) NOT NULL,
  `Comment` text NOT NULL,
  `min1` int(11) NOT NULL,
  `max1` int(11) NOT NULL,
  `min2` int(11) NOT NULL,
  `max2` int(11) NOT NULL,
  `Date_begin` timestamp NOT NULL DEFAULT current_timestamp(),
  `Active` date NOT NULL,
  `user_profile` varchar(50) NOT NULL
) ENGINE=InnoDB DEFAULT CHARSET=utf8mb4 COLLATE=utf8mb4_general_ci;

--
-- Dumping data for table `user_data`
--

INSERT INTO `user_data` (`Number`, `ID`, `Credit`, `Name`, `Status`, `Comment`, `min1`, `max1`, `min2`, `max2`, `Date_begin`, `Active`, `user_profile`) VALUES
(1, 'admin', 965608.95, 'AdminNewNew', 'OK', 'เงินเริ่มต้น 1M', 0, 0, 0, 0, '2024-08-24 17:00:00', '2024-08-01', ''),
(2, 'admin2', 3129.55, 'admin2', 'OK', '--', 0, 0, 0, 0, '2024-08-27 07:21:39', '0000-00-00', ''),
(3, 'U4bd3cf5bc00ad2e4401a84da2e7e30a9', 100000, 'ชาย', '1', '1', 0, 0, 0, 0, '2024-08-22 17:00:00', '0000-00-00', ''),
(10, 'U53545d949f8b006c6841be23f55764e0', 10000, '秋而绵绵', '1', '1', 0, 0, 0, 0, '2024-08-22 17:00:00', '0000-00-00', ''),
(4, 'U8aa0f0c0848fbbb2a3d1cd77adc4412c', 114846.5, 'NTPW', '1', '1', 0, 10000, 0, 0, '2024-08-24 17:00:00', '0000-00-00', 'https://sprofile.line-scdn.net/0hA9IK5kHxHhZkMjd2J'),
(0, 'Ue4234ef62c1283d8e1459a8273669d47', 116415, 'James JR', '1', '1', 50, 10000, 0, 0, '2024-08-19 17:00:00', '0000-00-00', 'https://sprofile.line-scdn.net/0hSdPb90VWDEt9GxpdG');

--
-- Indexes for dumped tables
--

--
-- Indexes for table `adminlog`
--
ALTER TABLE `adminlog`
  ADD PRIMARY KEY (`N`);

--
-- Indexes for table `playinglog`
--
ALTER TABLE `playinglog`
  ADD KEY `round` (`round`);

--
-- Indexes for table `user_data`
--
ALTER TABLE `user_data`
  ADD PRIMARY KEY (`ID`),
  ADD KEY `Number` (`Number`);

--
-- AUTO_INCREMENT for dumped tables
--

--
-- AUTO_INCREMENT for table `adminlog`
--
ALTER TABLE `adminlog`
  MODIFY `N` int(50) NOT NULL AUTO_INCREMENT, AUTO_INCREMENT=26;
COMMIT;

/*!40101 SET CHARACTER_SET_CLIENT=@OLD_CHARACTER_SET_CLIENT */;
/*!40101 SET CHARACTER_SET_RESULTS=@OLD_CHARACTER_SET_RESULTS */;
/*!40101 SET COLLATION_CONNECTION=@OLD_COLLATION_CONNECTION */;
